<?xml version="1.0" encoding="UTF-8"?>
<metadata xml:lang="en"><Esri><CreaDate>20160218</CreaDate><CreaTime>09141900</CreaTime><ArcGISFormat>1.0</ArcGISFormat><SyncOnce>FALSE</SyncOnce><DataProperties><itemProps><itemName Sync="TRUE">Pool82014-10-02cleaned</itemName><imsContentType Sync="TRUE">002</imsContentType><nativeExtBox><westBL Sync="TRUE">-91.312513</westBL><eastBL Sync="TRUE">-91.218059</eastBL><southBL Sync="TRUE">43.571118</southBL><northBL Sync="TRUE">43.871988</northBL><exTypeCode Sync="TRUE">1</exTypeCode></nativeExtBox><itemSize Sync="TRUE">0.681</itemSize><itemLocation><linkage Sync="TRUE">file://\\ADMIN-PC\Users\ADMIN\Dropbox\CSE599\class_project\Data\usgs_shapefiles\Pool82014-10-02cleaned.shp</linkage><protocol Sync="TRUE">Local Area Network</protocol></itemLocation></itemProps><coordRef><type Sync="TRUE">Geographic</type><geogcsn Sync="TRUE">GCS_WGS_1984</geogcsn><csUnits Sync="TRUE">Angular Unit: Degree (0.017453)</csUnits><peXml Sync="TRUE">&lt;GeographicCoordinateSystem xsi:type='typens:GeographicCoordinateSystem' xmlns:xsi='http://www.w3.org/2001/XMLSchema-instance' xmlns:xs='http://www.w3.org/2001/XMLSchema' xmlns:typens='http://www.esri.com/schemas/ArcGIS/10.1'&gt;&lt;WKT&gt;GEOGCS[&amp;quot;GCS_WGS_1984&amp;quot;,DATUM[&amp;quot;D_WGS_1984&amp;quot;,SPHEROID[&amp;quot;WGS_1984&amp;quot;,6378137.0,298.257223563]],PRIMEM[&amp;quot;Greenwich&amp;quot;,0.0],UNIT[&amp;quot;Degree&amp;quot;,0.0174532925199433],AUTHORITY[&amp;quot;EPSG&amp;quot;,4326]]&lt;/WKT&gt;&lt;XOrigin&gt;-400&lt;/XOrigin&gt;&lt;YOrigin&gt;-400&lt;/YOrigin&gt;&lt;XYScale&gt;11258999068426.238&lt;/XYScale&gt;&lt;ZOrigin&gt;-100000&lt;/ZOrigin&gt;&lt;ZScale&gt;10000&lt;/ZScale&gt;&lt;MOrigin&gt;-100000&lt;/MOrigin&gt;&lt;MScale&gt;10000&lt;/MScale&gt;&lt;XYTolerance&gt;8.983152841195215e-009&lt;/XYTolerance&gt;&lt;ZTolerance&gt;0.001&lt;/ZTolerance&gt;&lt;MTolerance&gt;0.001&lt;/MTolerance&gt;&lt;HighPrecision&gt;true&lt;/HighPrecision&gt;&lt;LeftLongitude&gt;-180&lt;/LeftLongitude&gt;&lt;WKID&gt;4326&lt;/WKID&gt;&lt;LatestWKID&gt;4326&lt;/LatestWKID&gt;&lt;/GeographicCoordinateSystem&gt;</peXml></coordRef></DataProperties><SyncDate>20160217</SyncDate><SyncTime>21254200</SyncTime><ModDate>20160217</ModDate><ModTime>21254200</ModTime></Esri><dataIdInfo><envirDesc Sync="TRUE">Microsoft Windows 7 Version 6.1 (Build 7601) Service Pack 1; Esri ArcGIS 10.2.2.3552</envirDesc><dataLang><languageCode value="eng" Sync="TRUE"></languageCode><countryCode value="USA" Sync="TRUE"></countryCode></dataLang><idCitation><resTitle Sync="TRUE">Pool82014-10-02cleaned</resTitle><presForm><PresFormCd value="005" Sync="TRUE"></PresFormCd></presForm></idCitation><spatRpType><SpatRepTypCd value="001" Sync="TRUE"></SpatRepTypCd></spatRpType><dataExt><geoEle><GeoBndBox esriExtentType="search"><exTypeCode Sync="TRUE">1</exTypeCode><westBL Sync="TRUE">-91.312513</westBL><eastBL Sync="TRUE">-91.218059</eastBL><northBL Sync="TRUE">43.871988</northBL><southBL Sync="TRUE">43.571118</southBL></GeoBndBox></geoEle></dataExt></dataIdInfo><mdLang><languageCode value="eng" Sync="TRUE"></languageCode><countryCode value="USA" Sync="TRUE"></countryCode></mdLang><mdChar><CharSetCd value="004" Sync="TRUE"></CharSetCd></mdChar><distInfo><distFormat><formatName Sync="TRUE">Shapefile</formatName></distFormat><distTranOps><transSize Sync="TRUE">0.681</transSize></distTranOps></distInfo><mdHrLv><ScopeCd value="005" Sync="TRUE"></ScopeCd></mdHrLv><mdHrLvName Sync="TRUE">dataset</mdHrLvName><refSysInfo><RefSystem><refSysID><identCode code="4326" Sync="TRUE"></identCode><idCodeSpace Sync="TRUE">EPSG</idCodeSpace><idVersion Sync="TRUE">8.2.6</idVersion></refSysID></RefSystem></refSysInfo><spatRepInfo><VectSpatRep><geometObjs Name="Pool82014-10-02cleaned"><geoObjTyp><GeoObjTypCd value="004" Sync="TRUE"></GeoObjTypCd></geoObjTyp><geoObjCnt Sync="TRUE">25498</geoObjCnt></geometObjs><topLvl><TopoLevCd value="001" Sync="TRUE"></TopoLevCd></topLvl></VectSpatRep></spatRepInfo><spdoinfo><ptvctinf><esriterm Name="Pool82014-10-02cleaned"><efeatyp Sync="TRUE">Simple</efeatyp><efeageom code="1" Sync="TRUE"></efeageom><esritopo Sync="TRUE">FALSE</esritopo><efeacnt Sync="TRUE">25498</efeacnt><spindex Sync="TRUE">FALSE</spindex><linrefer Sync="TRUE">FALSE</linrefer></esriterm></ptvctinf></spdoinfo><eainfo><detailed Name="Pool82014-10-02cleaned"><enttyp><enttypl Sync="TRUE">Pool82014-10-02cleaned</enttypl><enttypt Sync="TRUE">Feature Class</enttypt><enttypc Sync="TRUE">25498</enttypc></enttyp><attr><attrlabl Sync="TRUE">FID</attrlabl><attalias Sync="TRUE">FID</attalias><attrtype Sync="TRUE">OID</attrtype><attwidth Sync="TRUE">4</attwidth><atprecis Sync="TRUE">0</atprecis><attscale Sync="TRUE">0</attscale><attrdef Sync="TRUE">Internal feature number.</attrdef><attrdefs Sync="TRUE">Esri</attrdefs><attrdomv><udom Sync="TRUE">Sequential unique whole numbers that are automatically generated.</udom></attrdomv></attr><attr><attrlabl Sync="TRUE">Shape</attrlabl><attalias Sync="TRUE">Shape</attalias><attrtype Sync="TRUE">Geometry</attrtype><attwidth Sync="TRUE">0</attwidth><atprecis Sync="TRUE">0</atprecis><attscale Sync="TRUE">0</attscale><attrdef Sync="TRUE">Feature geometry.</attrdef><attrdefs Sync="TRUE">Esri</attrdefs><attrdomv><udom Sync="TRUE">Coordinates defining the features.</udom></attrdomv></attr><attr><attrlabl Sync="TRUE">ltime</attrlabl><attalias Sync="TRUE">ltime</attalias><attrtype Sync="TRUE">String</attrtype><attwidth Sync="TRUE">80</attwidth><atprecis Sync="TRUE">0</atprecis><attscale Sync="TRUE">0</attscale></attr><attr><attrlabl Sync="TRUE">XCO2Dpp</attrlabl><attalias Sync="TRUE">XCO2Dpp</attalias><attrtype Sync="TRUE">Double</attrtype><attwidth Sync="TRUE">24</attwidth><atprecis Sync="TRUE">23</atprecis><attscale Sync="TRUE">15</attscale></attr><attr><attrlabl Sync="TRUE">XCH4Dpp</attrlabl><attalias Sync="TRUE">XCH4Dpp</attalias><attrtype Sync="TRUE">Double</attrtype><attwidth Sync="TRUE">24</attwidth><atprecis Sync="TRUE">23</atprecis><attscale Sync="TRUE">15</attscale></attr><attr><attrlabl Sync="TRUE">TempC</attrlabl><attalias Sync="TRUE">TempC</attalias><attrtype Sync="TRUE">Double</attrtype><attwidth Sync="TRUE">24</attwidth><atprecis Sync="TRUE">23</atprecis><attscale Sync="TRUE">15</attscale></attr><attr><attrlabl Sync="TRUE">SPCµScm</attrlabl><attalias Sync="TRUE">SPCµScm</attalias><attrtype Sync="TRUE">Double</attrtype><attwidth Sync="TRUE">24</attwidth><atprecis Sync="TRUE">23</atprecis><attscale Sync="TRUE">15</attscale></attr><attr><attrlabl Sync="TRUE">ChlARFU</attrlabl><attalias Sync="TRUE">ChlARFU</attalias><attrtype Sync="TRUE">Double</attrtype><attwidth Sync="TRUE">24</attwidth><atprecis Sync="TRUE">23</atprecis><attscale Sync="TRUE">15</attscale></attr><attr><attrlabl Sync="TRUE">ChlAµgL</attrlabl><attalias Sync="TRUE">ChlAµgL</attalias><attrtype Sync="TRUE">Double</attrtype><attwidth Sync="TRUE">24</attwidth><atprecis Sync="TRUE">23</atprecis><attscale Sync="TRUE">15</attscale></attr><attr><attrlabl Sync="TRUE">BGAPCRF</attrlabl><attalias Sync="TRUE">BGAPCRF</attalias><attrtype Sync="TRUE">Double</attrtype><attwidth Sync="TRUE">24</attwidth><atprecis Sync="TRUE">23</atprecis><attscale Sync="TRUE">15</attscale></attr><attr><attrlabl Sync="TRUE">BGAPCµL</attrlabl><attalias Sync="TRUE">BGAPCµL</attalias><attrtype Sync="TRUE">Double</attrtype><attwidth Sync="TRUE">24</attwidth><atprecis Sync="TRUE">23</atprecis><attscale Sync="TRUE">15</attscale></attr><attr><attrlabl Sync="TRUE">TurbFNU</attrlabl><attalias Sync="TRUE">TurbFNU</attalias><attrtype Sync="TRUE">Double</attrtype><attwidth Sync="TRUE">24</attwidth><atprecis Sync="TRUE">23</atprecis><attscale Sync="TRUE">15</attscale></attr><attr><attrlabl Sync="TRUE">fDOMRFU</attrlabl><attalias Sync="TRUE">fDOMRFU</attalias><attrtype Sync="TRUE">Double</attrtype><attwidth Sync="TRUE">24</attwidth><atprecis Sync="TRUE">23</atprecis><attscale Sync="TRUE">15</attscale></attr><attr><attrlabl Sync="TRUE">fDOMQSU</attrlabl><attalias Sync="TRUE">fDOMQSU</attalias><attrtype Sync="TRUE">Double</attrtype><attwidth Sync="TRUE">24</attwidth><atprecis Sync="TRUE">23</atprecis><attscale Sync="TRUE">15</attscale></attr><attr><attrlabl Sync="TRUE">ODOsat</attrlabl><attalias Sync="TRUE">ODOsat</attalias><attrtype Sync="TRUE">Double</attrtype><attwidth Sync="TRUE">24</attwidth><atprecis Sync="TRUE">23</atprecis><attscale Sync="TRUE">15</attscale></attr><attr><attrlabl Sync="TRUE">ODOmgL</attrlabl><attalias Sync="TRUE">ODOmgL</attalias><attrtype Sync="TRUE">Double</attrtype><attwidth Sync="TRUE">24</attwidth><atprecis Sync="TRUE">23</atprecis><attscale Sync="TRUE">15</attscale></attr><attr><attrlabl Sync="TRUE">pH</attrlabl><attalias Sync="TRUE">pH</attalias><attrtype Sync="TRUE">Double</attrtype><attwidth Sync="TRUE">24</attwidth><atprecis Sync="TRUE">23</atprecis><attscale Sync="TRUE">15</attscale></attr><attr><attrlabl Sync="TRUE">Pressps</attrlabl><attalias Sync="TRUE">Pressps</attalias><attrtype Sync="TRUE">Double</attrtype><attwidth Sync="TRUE">24</attwidth><atprecis Sync="TRUE">23</atprecis><attscale Sync="TRUE">15</attscale></attr><attr><attrlabl Sync="TRUE">NITRATEU</attrlabl><attalias Sync="TRUE">NITRATEU</attalias><attrtype Sync="TRUE">Double</attrtype><attwidth Sync="TRUE">24</attwidth><atprecis Sync="TRUE">23</atprecis><attscale Sync="TRUE">15</attscale></attr><attr><attrlabl Sync="TRUE">NITRATEM</attrlabl><attalias Sync="TRUE">NITRATEM</attalias><attrtype Sync="TRUE">Double</attrtype><attwidth Sync="TRUE">24</attwidth><atprecis Sync="TRUE">23</atprecis><attscale Sync="TRUE">15</attscale></attr><attr><attrlabl Sync="TRUE">ABS254</attrlabl><attalias Sync="TRUE">ABS254</attalias><attrtype Sync="TRUE">Double</attrtype><attwidth Sync="TRUE">24</attwidth><atprecis Sync="TRUE">23</atprecis><attscale Sync="TRUE">15</attscale></attr><attr><attrlabl Sync="TRUE">ABS350</attrlabl><attalias Sync="TRUE">ABS350</attalias><attrtype Sync="TRUE">Double</attrtype><attwidth Sync="TRUE">24</attwidth><atprecis Sync="TRUE">23</atprecis><attscale Sync="TRUE">15</attscale></attr><attr><attrlabl Sync="TRUE">TINT</attrlabl><attalias Sync="TRUE">TINT</attalias><attrtype Sync="TRUE">Double</attrtype><attwidth Sync="TRUE">24</attwidth><atprecis Sync="TRUE">23</atprecis><attscale Sync="TRUE">15</attscale></attr><attr><attrlabl Sync="TRUE">TSPEC</attrlabl><attalias Sync="TRUE">TSPEC</attalias><attrtype Sync="TRUE">Double</attrtype><attwidth Sync="TRUE">24</attwidth><atprecis Sync="TRUE">23</atprecis><attscale Sync="TRUE">15</attscale></attr><attr><attrlabl Sync="TRUE">TLAMP</attrlabl><attalias Sync="TRUE">TLAMP</attalias><attrtype Sync="TRUE">Double</attrtype><attwidth Sync="TRUE">24</attwidth><atprecis Sync="TRUE">23</atprecis><attscale Sync="TRUE">15</attscale></attr><attr><attrlabl Sync="TRUE">Temp_ta</attrlabl><attalias Sync="TRUE">Temp_ta</attalias><attrtype Sync="TRUE">Double</attrtype><attwidth Sync="TRUE">24</attwidth><atprecis Sync="TRUE">23</atprecis><attscale Sync="TRUE">15</attscale></attr><attr><attrlabl Sync="TRUE">SPC_tau</attrlabl><attalias Sync="TRUE">SPC_tau</attalias><attrtype Sync="TRUE">Double</attrtype><attwidth Sync="TRUE">24</attwidth><atprecis Sync="TRUE">23</atprecis><attscale Sync="TRUE">15</attscale></attr><attr><attrlabl Sync="TRUE">pH_tau</attrlabl><attalias Sync="TRUE">pH_tau</attalias><attrtype Sync="TRUE">Double</attrtype><attwidth Sync="TRUE">24</attwidth><atprecis Sync="TRUE">23</atprecis><attscale Sync="TRUE">15</attscale></attr><attr><attrlabl Sync="TRUE">fDOM_QS</attrlabl><attalias Sync="TRUE">fDOM_QS</attalias><attrtype Sync="TRUE">Double</attrtype><attwidth Sync="TRUE">24</attwidth><atprecis Sync="TRUE">23</atprecis><attscale Sync="TRUE">15</attscale></attr><attr><attrlabl Sync="TRUE">ODO_tau</attrlabl><attalias Sync="TRUE">ODO_tau</attalias><attrtype Sync="TRUE">Double</attrtype><attwidth Sync="TRUE">24</attwidth><atprecis Sync="TRUE">23</atprecis><attscale Sync="TRUE">15</attscale></attr><attr><attrlabl Sync="TRUE">ChlA_ta</attrlabl><attalias Sync="TRUE">ChlA_ta</attalias><attrtype Sync="TRUE">Double</attrtype><attwidth Sync="TRUE">24</attwidth><atprecis Sync="TRUE">23</atprecis><attscale Sync="TRUE">15</attscale></attr><attr><attrlabl Sync="TRUE">Turb_ta</attrlabl><attalias Sync="TRUE">Turb_ta</attalias><attrtype Sync="TRUE">Double</attrtype><attwidth Sync="TRUE">24</attwidth><atprecis Sync="TRUE">23</atprecis><attscale Sync="TRUE">15</attscale></attr><attr><attrlabl Sync="TRUE">CO2_tau</attrlabl><attalias Sync="TRUE">CO2_tau</attalias><attrtype Sync="TRUE">Double</attrtype><attwidth Sync="TRUE">24</attwidth><atprecis Sync="TRUE">23</atprecis><attscale Sync="TRUE">15</attscale></attr><attr><attrlabl Sync="TRUE">CH4uM</attrlabl><attalias Sync="TRUE">CH4uM</attalias><attrtype Sync="TRUE">Double</attrtype><attwidth Sync="TRUE">24</attwidth><atprecis Sync="TRUE">23</atprecis><attscale Sync="TRUE">15</attscale></attr><attr><attrlabl Sync="TRUE">CH4Sat</attrlabl><attalias Sync="TRUE">CH4Sat</attalias><attrtype Sync="TRUE">Double</attrtype><attwidth Sync="TRUE">24</attwidth><atprecis Sync="TRUE">23</atprecis><attscale Sync="TRUE">15</attscale></attr><attr><attrlabl Sync="TRUE">CO2uM</attrlabl><attalias Sync="TRUE">CO2uM</attalias><attrtype Sync="TRUE">Double</attrtype><attwidth Sync="TRUE">24</attwidth><atprecis Sync="TRUE">23</atprecis><attscale Sync="TRUE">15</attscale></attr><attr><attrlabl Sync="TRUE">CO2Sat</attrlabl><attalias Sync="TRUE">CO2Sat</attalias><attrtype Sync="TRUE">Double</attrtype><attwidth Sync="TRUE">24</attwidth><atprecis Sync="TRUE">23</atprecis><attscale Sync="TRUE">15</attscale></attr><attr><attrlabl Sync="TRUE">CO2uM_t</attrlabl><attalias Sync="TRUE">CO2uM_t</attalias><attrtype Sync="TRUE">Double</attrtype><attwidth Sync="TRUE">24</attwidth><atprecis Sync="TRUE">23</atprecis><attscale Sync="TRUE">15</attscale></attr><attr><attrlabl Sync="TRUE">CO2St_t</attrlabl><attalias Sync="TRUE">CO2St_t</attalias><attrtype Sync="TRUE">Double</attrtype><attwidth Sync="TRUE">24</attwidth><atprecis Sync="TRUE">23</atprecis><attscale Sync="TRUE">15</attscale></attr></detailed></eainfo><mdDateSt Sync="TRUE">20160217</mdDateSt></metadata>
