FID,time,XCO2Dpp,XCH4Dpp,TempC,SPCScm,ChlARFU,ChlAgL,BGAPCRF,BGAPCL,TurbFNU,fDOMRFU,fDOMQSU,ODOsat,ODOmgL,pH,Pressps,NITRATEU,NITRATEM,ABS254,ABS350,TINT,TSPEC,TLAMP,Temp_ta,SPC_tau,pH_tau,fDOM_QS,ODO_tau,ChlA_ta,Turb_ta,CO2_tau,CH4uM,CH4Sat,CO2uM,CO2Sat,CO2uM_t,CO2St_t
0,10/2/2014 8:35,"1,790.80",170.294,16.218,334.8,1.33,5.37,-0.52,-0.49,3.04,25.58,78.76,60.7,5.96,7.66,-1.102,0,0,0,0,0,0,0,16.218,335.1,7.66,81.87,60.1,5.17,3.155,"1,790.59",0.289368312,"8,915.92",80.51476129,447.7,80.50531965,447.6475
1,10/2/2014 8:35,"1,789.84",170.365,16.218,334.9,1.35,5.42,-0.53,-0.49,3.04,25.64,78.97,60.7,5.95,7.66,-1.102,0,0,0,0,0,0,0,16.218,335,7.66,81.84,60.4,5.26,3.15,"1,792.45",0.289488957,"8,919.63",80.47159948,447.46,80.58894566,448.1125
2,10/2/2014 8:35,"1,792.99",170.639,16.218,334.8,1.34,5.39,-0.53,-0.5,3.06,25.72,79.2,60.7,5.95,7.66,-1.101,0,0,0,0,0,0,0,16.218,334.9,7.66,81.92,60.6,5.24,3.15,"1,795.49",0.289954546,"8,933.98",80.61322418,448.2475,80.72562472,448.8725
3,10/2/2014 8:35,"1,791.88",170.789,16.218,334.8,1.33,5.37,-0.52,-0.49,3.06,25.83,79.55,60.7,5.95,7.66,-1.101,0,0,0,0,0,0,0,16.217,334.9,7.66,81.72,60.6,5.15,3.165,"1,784.60",0.290215322,"8,941.83",80.56581795,447.97,80.23849739,446.15
4,10/2/2014 8:35,"1,794.14",170.451,16.218,334.9,1.34,5.38,-0.52,-0.49,3.06,25.91,79.79,60.7,5.95,7.66,-1.1,0,0,0,0,0,0,0,16.216,334.9,7.66,81.66,60.8,5.06,3.175,"1,765.62",0.289646852,"8,924.14",80.66993408,448.535,79.38758905,441.405
5,10/2/2014 8:35,"1,792.09",170.073,16.218,334.9,1.35,5.45,-0.52,-0.49,3.05,26.04,80.19,60.6,5.95,7.66,-1.099,0,0,0,0,0,0,0,16.216,334.9,7.66,81.64,61,5.06,3.16,"1,775.90",0.289004518,"8,904.35",80.57775991,448.0225,79.84980879,443.975
6,10/2/2014 8:35,"1,791.89",170.318,16.218,334.9,1.36,5.47,-0.53,-0.49,3.06,26.11,80.39,60.6,5.95,7.66,-1.099,22.55,0.32,0.64,0.3,19,19.8,20,16.216,334.9,7.66,81.68,61,5.17,3.14,"1,777.44",0.289420845,"8,917.17",80.56876731,447.9725,79.91905182,444.36
7,10/2/2014 8:35,"1,793.41",170.166,16.218,334.9,1.36,5.46,-0.53,-0.5,3.09,26.23,80.75,60.6,5.95,7.66,-1.098,0,0,0,0,0,0,0,16.217,334.9,7.66,81.88,60.9,5.3,3.095,"1,786.42",0.289156682,"8,909.21",80.63460922,448.3525,80.32032753,446.605
8,10/2/2014 8:35,"1,791.10",170.409,16.218,334.9,1.34,5.41,-0.52,-0.49,3.11,26.29,80.95,60.6,5.95,7.66,-1.098,0,0,0,0,0,0,0,16.216,334.9,7.66,81.94,60.7,5.37,3.08,"1,792.40",0.289575481,"8,921.94",80.53324653,447.775,80.59169844,448.1
9,10/2/2014 8:35,"1,792.70",170.762,16.218,334.9,1.34,5.38,-0.52,-0.49,3.12,26.33,81.08,60.6,5.95,7.66,-1.097,0,0,0,0,0,0,0,16.215,334.9,7.66,82.13,60.7,5.36,3.07,"1,793.85",0.290181225,"8,940.42",80.60768834,448.175,80.65939741,448.4625
10,10/2/2014 8:35,"1,794.05",170.657,16.217,334.9,1.33,5.34,-0.51,-0.48,3.12,26.38,81.23,60.6,5.95,7.66,-1.097,0,0,0,0,0,0,0,16.215,334.9,7.66,81.91,60.7,5.28,3.06,"1,781.80",0.290002795,"8,934.92",80.66839029,448.5125,80.11757633,445.45
11,10/2/2014 8:35,"1,794.88",170.744,16.217,334.9,1.31,5.29,-0.51,-0.47,3.12,26.38,81.24,60.7,5.95,7.66,-1.097,0,0,0,0,0,0,0,16.215,334.9,7.66,81.9,60.7,5.23,3.045,"1,769.54",0.290150637,"8,939.48",80.70571074,448.72,79.56631273,442.385
12,10/2/2014 8:35,"1,792.62",170.263,16.217,334.9,1.3,5.25,-0.51,-0.47,3.13,26.43,81.37,60.7,5.95,7.66,-1.097,0,0,0,0,0,0,0,16.215,334.9,7.66,81.47,60.7,5.25,3.02,"1,766.82",0.289333258,"8,914.29",80.60409119,448.155,79.44400955,441.705
13,10/2/2014 8:35,"1,792.11",170.203,16.217,334.9,1.3,5.25,-0.51,-0.47,3.13,26.42,81.35,60.7,5.95,7.66,-1.097,0,0,0,0,0,0,0,16.214,334.9,7.66,81.11,60.7,5.31,3.025,"1,793.12",0.289237171,"8,911.15",80.58365963,448.0275,80.62907509,448.28
14,10/2/2014 8:35,"1,792.98",170.355,16.217,334.9,1.31,5.28,-0.52,-0.49,3.14,26.49,81.56,60.7,5.95,7.66,-1.097,0,0,0,0,0,0,0,16.214,334.9,7.66,80.6,60.7,5.39,3.045,"1,815.18",0.289495474,"8,919.11",80.62277987,448.245,81.62102063,453.795
15,10/2/2014 8:35,"1,792.15",170.389,16.216,334.9,1.31,5.27,-0.51,-0.48,3.14,26.49,81.56,60.7,5.95,7.66,-1.096,0,0,0,0,0,0,0,16.214,334.9,7.66,79.96,60.7,5.41,3.065,"1,800.11",0.289553253,"8,920.89",80.58545826,448.0375,80.94338603,450.0275
16,10/2/2014 8:35,"1,791.94",170.715,16.216,334.9,1.3,5.22,-0.51,-0.48,3.14,26.55,81.75,60.7,5.95,7.66,-1.097,0,0,0,0,0,0,0,16.215,334.9,7.66,79.45,60.7,5.42,3.065,"1,775.86",0.290101356,"8,937.96",80.57351539,447.985,79.85048776,443.965
17,10/2/2014 8:35,"1,791.80",170.539,16.216,334.9,1.29,5.18,-0.52,-0.49,3.13,26.54,81.73,60.7,5.95,7.66,-1.097,22.86,0.32,0.64,0.3,19,19.9,20.1,16.215,334.9,7.66,78.76,60.7,5.41,3.05,"1,772.49",0.289802274,"8,928.74",80.56722038,447.95,79.69895772,443.1225
18,10/2/2014 8:35,"1,792.66",171.117,16.216,334.9,1.28,5.16,-0.52,-0.49,3.12,26.55,81.74,60.7,5.96,7.66,-1.097,0,0,0,0,0,0,0,16.215,334.9,7.66,78.27,60.7,5.34,3.035,"1,787.47",0.290784487,"8,959.01",80.60588976,448.165,80.3725245,446.8675
19,10/2/2014 8:35,"1,793.58",170.734,16.215,334.9,1.28,5.17,-0.53,-0.5,3.12,26.54,81.72,60.7,5.96,7.66,-1.098,0,0,0,0,0,0,0,16.215,334.9,7.66,77.76,60.7,5.31,3.025,"1,783.46",0.290133643,"8,938.95",80.64725702,448.395,80.19221724,445.865
20,10/2/2014 8:35,"1,794.16",170.456,16.215,334.9,1.3,5.22,-0.54,-0.5,3.11,26.47,81.5,60.7,5.96,7.66,-1.098,0,0,0,0,0,0,0,16.215,335,7.66,77.58,60.7,5.29,3.04,"1,758.43",0.289661229,"8,924.40",80.67333637,448.54,79.06675819,439.6075
21,10/2/2014 8:35,"1,791.96",170.32,16.215,334.9,1.31,5.26,-0.54,-0.51,3.1,26.42,81.34,60.7,5.96,7.66,-1.099,0,0,0,0,0,0,0,16.215,335.1,7.66,77.68,60.7,5.3,3.045,"1,747.79",0.28943012,"8,917.28",80.57441468,447.99,78.58833692,436.9475
22,10/2/2014 8:35,"1,797.07",170.982,16.215,334.9,1.31,5.27,-0.54,-0.5,3.09,26.31,81,60.7,5.96,7.66,-1.099,0,0,0,0,0,0,0,16.215,335.1,7.66,77.96,60.7,5.31,3.06,"1,779.27",0.290555078,"8,951.94",80.80418279,449.2675,80.00381638,444.8175
23,10/2/2014 8:35,"1,797.81",171.42,16.215,334.9,1.31,5.26,-0.54,-0.5,3.08,26.2,80.68,60.7,5.96,7.66,-1.1,0,0,0,0,0,0,0,16.215,335.1,7.66,78.58,60.7,5.29,3.075,"1,814.82",0.291299385,"8,974.87",80.83745645,449.4525,81.60230097,453.705
24,10/2/2014 8:35,"1,796.53",171.058,16.215,334.9,1.3,5.24,-0.53,-0.5,3.08,26.07,80.27,60.7,5.96,7.66,-1.101,0,0,0,0,0,0,0,16.215,335,7.66,79.19,60.7,5.25,3.105,"1,807.90",0.290684227,"8,955.92",80.77990201,449.1325,81.29114729,451.975
25,10/2/2014 8:35,"1,797.84",171.07,16.215,334.9,1.3,5.25,-0.53,-0.49,3.08,25.93,79.83,60.7,5.96,7.66,-1.102,0,0,0,0,0,0,0,16.215,335,7.66,79.95,60.7,5.26,3.15,"1,790.85",0.290704619,"8,956.54",80.83880538,449.46,80.52450419,447.7125
26,10/2/2014 8:35,"1,795.70",171.318,16.215,335,1.31,5.27,-0.53,-0.5,3.08,25.8,79.44,60.7,5.96,7.66,-1.102,0,0,0,0,0,0,0,16.216,335,7.66,80.47,60.7,5.3,3.145,"1,777.01",0.291120142,"8,969.53",80.74007638,448.925,79.89971773,444.2525
27,10/2/2014 8:35,"1,798.38",170.722,16.215,335,1.32,5.3,-0.54,-0.51,3.07,25.65,79,60.7,5.96,7.66,-1.102,0,0,0,0,0,0,0,16.217,335,7.66,81.05,60.7,5.3,3.095,"1,766.63",0.290101471,"8,938.32",80.85806844,449.595,79.43053718,441.6575
28,10/2/2014 8:35,"1,792.68",170.905,16.215,335,1.32,5.33,-0.54,-0.51,3.07,25.61,78.85,60.7,5.96,7.66,-1.103,22.9,0.32,0.64,0.31,19.1,19.9,20.1,16.217,334.9,7.66,81.28,60.7,5.28,3.07,"1,782.65",0.290412436,"8,947.91",80.60178724,448.17,80.15082224,445.6625
29,10/2/2014 8:35,"1,793.34",170.661,16.215,335,1.32,5.33,-0.54,-0.51,3.06,25.55,78.66,60.7,5.96,7.66,-1.103,0,0,0,0,0,0,0,16.217,334.8,7.66,81.66,60.7,5.24,3.065,"1,786.89",0.289997816,"8,935.13",80.6314619,448.335,80.34145949,446.7225
30,10/2/2014 8:35,"1,795.12",170.981,16.215,335,1.33,5.36,-0.55,-0.52,3.06,25.57,78.74,60.7,5.96,7.66,-1.104,0,0,0,0,0,0,0,16.216,334.8,7.66,81.7,60.7,5.25,3.095,"1,804.16",0.290547479,"8,951.88",80.71399783,448.78,81.12046344,451.04
31,10/2/2014 8:35,"1,792.13",171.089,16.215,335,1.33,5.35,-0.55,-0.52,3.06,25.6,78.84,60.7,5.96,7.66,-1.104,0,0,0,0,0,0,0,16.216,334.8,7.66,81.74,60.7,5.26,3.095,"1,802.95",0.290731003,"8,957.54",80.57955843,448.0325,81.0660582,450.7375
32,10/2/2014 8:35,"1,792.16",171.07,16.215,335,1.32,5.32,-0.54,-0.51,3.06,25.72,79.2,60.7,5.96,7.66,-1.105,0,0,0,0,0,0,0,16.217,334.9,7.66,81.64,60.7,5.26,3.09,"1,776.48",0.290692815,"8,956.54",80.5784072,448.04,79.87340908,444.12
33,10/2/2014 8:35,"1,795.62",170.741,16.216,335,1.32,5.32,-0.53,-0.5,3.06,25.79,79.41,60.7,5.96,7.66,-1.105,0,0,0,0,0,0,0,16.218,334.9,7.66,81.48,60.7,5.24,3.065,"1,776.65",0.290127867,"8,939.32",80.73146955,448.905,79.87857419,444.1625
34,10/2/2014 8:35,"1,792.06",171.048,16.216,334.9,1.32,5.33,-0.54,-0.51,3.07,25.92,79.8,60.7,5.96,7.66,-1.105,0,0,0,0,0,0,0,16.218,334.9,7.66,81.45,60.7,5.18,3.09,"1,773.06",0.29064953,"8,955.39",80.57141117,448.015,79.717167,443.265
35,10/2/2014 8:35,"1,789.64",170.564,16.216,334.9,1.32,5.32,-0.54,-0.51,3.08,26.01,80.09,60.7,5.96,7.66,-1.105,0,0,0,0,0,0,0,16.218,334.9,7.66,81.29,60.7,5.2,3.095,"1,780.46",0.289827104,"8,930.05",80.46260744,447.41,80.04987262,445.115
36,10/2/2014 8:35,"1,791.62",170.823,16.216,334.9,1.32,5.31,-0.53,-0.49,3.1,26.11,80.39,60.7,5.96,7.66,-1.106,0,0,0,0,0,0,0,16.217,334.9,7.66,81.47,60.7,5.17,3.11,"1,784.61",0.290273097,"8,943.61",80.55412793,447.905,80.23894701,446.1525
37,10/2/2014 8:35,"1,789.75",170.434,16.216,334.9,1.32,5.3,-0.53,-0.5,3.08,26.2,80.68,60.7,5.96,7.66,-1.106,0,0,0,0,0,0,0,16.217,334.9,7.66,81.55,60.7,5.19,3.09,"1,776.33",0.289612084,"8,923.25",80.47004971,447.4375,79.86666484,444.0825
38,10/2/2014 8:35,"1,792.82",170.692,16.216,334.9,1.31,5.28,-0.52,-0.48,3.08,26.25,80.82,60.7,5.96,7.66,-1.106,0,0,0,0,0,0,0,16.217,334.9,7.66,81.8,60.7,5.2,3.045,"1,784.66",0.290050494,"8,936.75",80.60808186,448.205,80.24119509,446.165
39,10/2/2014 8:35,"1,794.33",170.956,16.217,334.9,1.32,5.3,-0.52,-0.49,3.08,26.31,81.01,60.7,5.96,7.66,-1.106,0,0,0,0,0,0,0,16.217,334.9,7.66,81.94,60.7,5.18,3.015,"1,795.45",0.290499099,"8,950.58",80.6759739,448.5825,80.72633091,448.8625
40,10/2/2014 8:35,"1,789.63",170.947,16.217,334.9,1.32,5.31,-0.52,-0.49,3.09,26.31,81.02,60.7,5.96,7.66,-1.106,0,0,0,0,0,0,0,16.217,334.9,7.66,81.91,60.7,5.2,3.005,"1,791.32",0.290483805,"8,950.10",80.46465431,447.4075,80.54063944,447.83
41,10/2/2014 8:35,"1,788.70",170.875,16.217,334.9,1.31,5.29,-0.52,-0.49,3.08,26.35,81.14,60.7,5.96,7.66,-1.107,0,0,0,0,0,0,0,16.218,334.9,7.66,81.88,60.7,5.17,3.01,"1,796.21",0.290355564,"8,946.34",80.42034483,447.175,80.75799608,449.0525
42,10/2/2014 8:35,"1,792.99",170.809,16.217,334.9,1.31,5.27,-0.53,-0.49,3.09,26.35,81.13,60.7,5.96,7.66,-1.108,22.56,0.32,0.64,0.31,19.1,19.9,20.1,16.219,334.9,7.66,81.44,60.7,5.17,3.015,"1,796.25",0.290237522,"8,942.88",80.61072313,448.2475,80.7572889,449.0625
43,10/2/2014 8:35,"1,790.43",170.255,16.217,334.9,1.31,5.27,-0.53,-0.5,3.08,26.36,81.17,60.7,5.96,7.66,-1.109,0,0,0,0,0,0,0,16.219,334.9,7.66,81.15,60.7,5.19,3.015,"1,795.86",0.289296169,"8,913.87",80.49562854,447.6075,80.73975495,448.965
44,10/2/2014 8:35,"1,786.59",170.457,16.217,334.9,1.31,5.29,-0.53,-0.5,3.08,26.41,81.32,60.7,5.96,7.66,-1.11,0,0,0,0,0,0,0,16.219,334.9,7.66,80.45,60.7,5.2,3.02,"1,799.15",0.289639406,"8,924.45",80.32298665,446.6475,80.88766949,449.7875
45,10/2/2014 8:35,"1,786.46",170.282,16.217,334.9,1.31,5.26,-0.52,-0.49,3.09,26.43,81.37,60.7,5.96,7.66,-1.111,0,0,0,0,0,0,0,16.218,334.8,7.66,79.91,60.7,5.28,3.065,"1,787.66",0.289347921,"8,915.29",80.31963394,446.615,80.3735862,446.915
46,10/2/2014 8:35,"1,786.30",170.408,16.217,334.9,1.31,5.27,-0.52,-0.49,3.09,26.49,81.56,60.7,5.96,7.66,-1.112,0,0,0,0,0,0,0,16.218,334.7,7.66,79.27,60.7,5.27,3.07,"1,805.73",0.289562024,"8,921.88",80.31244031,446.575,81.18601737,451.4325
47,10/2/2014 8:35,"1,788.89",170.81,16.217,334.9,1.3,5.24,-0.52,-0.49,3.09,26.48,81.55,60.7,5.96,7.66,-1.112,0,0,0,0,0,0,0,16.218,334.7,7.66,78.56,60.7,5.29,3.065,"1,813.26",0.290245114,"8,942.93",80.42888727,447.2225,81.52456783,453.315
48,10/2/2014 8:35,"1,791.25",170.536,16.218,334.9,1.3,5.23,-0.52,-0.49,3.08,26.53,81.68,60.7,5.96,7.66,-1.113,0,0,0,0,0,0,0,16.219,334.7,7.66,78.14,60.7,5.31,3.045,"1,796.44",0.289773642,"8,928.59",80.53249477,447.8125,80.76583107,449.11
49,10/2/2014 8:35,"1,786.91",170.408,16.218,334.9,1.3,5.23,-0.52,-0.48,3.07,26.49,81.57,60.7,5.96,7.66,-1.114,0,0,0,0,0,0,0,16.22,334.8,7.66,77.64,60.7,5.31,3.065,"1,793.79",0.289550267,"8,921.88",80.33488102,446.7275,80.64418814,448.4475
50,10/2/2014 8:35,"1,788.77",170.425,16.218,334.9,1.29,5.21,-0.51,-0.48,3.06,26.45,81.43,60.7,5.96,7.66,-1.114,0,0,0,0,0,0,0,16.22,334.8,7.66,77.72,60.5,5.33,3.095,"1,801.48",0.289579153,"8,922.77",80.41850184,447.1925,80.98991078,450.37
51,10/2/2014 8:35,"1,787.81",170.272,16.218,334.8,1.3,5.22,-0.51,-0.47,3.06,26.39,81.27,60.7,5.96,7.66,-1.114,0,0,0,0,0,0,0,16.22,334.8,7.66,77.84,60.3,5.34,3.095,"1,816.85",0.289319181,"8,914.76",80.37534271,446.9525,81.68090647,454.2125
52,10/2/2014 8:35,"1,785.28",170.612,16.218,334.8,1.29,5.21,-0.51,-0.48,3.05,26.26,80.86,60.7,5.96,7.66,-1.114,22.43,0.31,0.64,0.3,19.2,20,20.2,16.219,334.8,7.66,78.43,60.3,5.34,3.115,"1,764.97",0.289902781,"8,932.57",80.26409059,446.32,79.35097686,441.2425
53,10/2/2014 8:35,"1,788.87",170.409,16.218,334.8,1.29,5.2,-0.51,-0.47,3.05,26.18,80.62,60.7,5.96,7.66,-1.115,0,0,0,0,0,0,0,16.219,334.8,7.66,78.96,60.4,5.35,3.105,"1,742.61",0.289557845,"8,921.94",80.42549277,447.2175,78.34569754,435.6525
54,10/2/2014 8:35,"1,787.48",170.719,16.218,334.8,1.29,5.21,-0.51,-0.48,3.04,26.01,80.08,60.7,5.96,7.66,-1.115,0,0,0,0,0,0,0,16.219,334.8,7.66,79.67,60.6,5.34,3.115,"1,736.86",0.290084595,"8,938.17",80.363,446.87,78.0871843,434.215
55,10/2/2014 8:35,"1,790.33",170.344,16.219,334.8,1.29,5.18,-0.51,-0.47,3.05,25.9,79.75,60.7,5.95,7.66,-1.115,0,0,0,0,0,0,0,16.22,334.8,7.66,80.21,60.6,5.11,3.095,"1,743.32",0.289441521,"8,918.53",80.48863543,447.5825,78.37518666,435.83
56,10/2/2014 8:35,"1,787.34",170.328,16.219,334.8,1.29,5.2,-0.51,-0.48,3.06,25.74,79.25,60.7,5.95,7.66,-1.114,0,0,0,0,0,0,0,16.221,334.8,7.66,80.8,60.6,4.86,3.05,"1,779.38",0.289408458,"8,917.70",80.35171979,446.835,79.99386975,444.845
57,10/2/2014 8:35,"1,786.26",170.324,16.219,334.8,1.29,5.19,-0.52,-0.48,3.05,25.66,79.01,60.6,5.95,7.66,-1.114,0,0,0,0,0,0,0,16.221,334.8,7.66,81.29,60.6,5.03,3.035,"1,767.21",0.289401662,"8,917.49",80.30316727,446.565,79.4467548,441.8025
58,10/2/2014 8:35,"1,788.13",170.156,16.219,334.8,1.3,5.22,-0.52,-0.48,3.05,25.59,78.79,60.6,5.95,7.66,-1.114,0,0,0,0,0,0,0,16.221,334.8,7.66,81.65,60.6,5.27,3.035,"1,778.30",0.289116209,"8,908.69",80.38723505,447.0325,79.94531723,444.575
59,10/2/2014 8:35,"1,785.97",170.311,16.219,334.8,1.3,5.24,-0.51,-0.48,3.05,25.59,78.8,60.6,5.95,7.66,-1.113,0,0,0,0,0,0,0,16.22,334.8,7.66,81.95,60.6,5.7,3.03,"1,787.84",0.289385448,"8,916.81",80.29262104,446.4925,80.37669143,446.96
60,10/2/2014 8:36,"1,786.18",170.202,16.219,334.8,1.3,5.23,-0.52,-0.48,3.07,25.62,78.88,60.6,5.95,7.66,-1.113,0,0,0,0,0,0,0,16.22,334.8,7.66,81.96,60.6,5.76,3.04,"1,809.77",0.28920024,"8,911.10",80.3020621,446.545,81.36260787,452.4425
61,10/2/2014 8:36,"1,787.33",170.271,16.219,334.8,1.3,5.25,-0.51,-0.48,3.06,25.68,79.09,60.6,5.95,7.66,-1.112,0,0,0,0,0,0,0,16.22,334.8,7.66,81.93,60.4,5.67,3.03,"1,805.91",0.289317482,"8,914.71",80.35376314,446.8325,81.18907219,451.4775
62,10/2/2014 8:36,"1,784.36",170.289,16.22,334.8,1.31,5.28,-0.52,-0.49,3.07,25.78,79.37,60.6,5.95,7.66,-1.112,0,0,0,0,0,0,0,16.22,334.8,7.66,81.75,60.2,5.5,3.045,"1,782.68",0.289348067,"8,915.65",80.22023958,446.09,80.1447111,445.67
63,10/2/2014 8:36,"1,787.41",170.064,16.22,334.8,1.31,5.27,-0.52,-0.49,3.08,25.86,79.64,60.6,5.95,7.66,-1.112,22.45,0.31,0.64,0.3,19.2,20,20.2,16.221,334.8,7.66,81.67,60.2,5.43,3.05,"1,786.08",0.28895989,"8,903.87",80.35486671,446.8525,80.29507518,446.52
64,10/2/2014 8:36,"1,788.13",170.384,16.22,334.8,1.31,5.29,-0.52,-0.49,3.08,25.99,80.04,60.6,5.95,7.66,-1.111,0,0,0,0,0,0,0,16.222,334.8,7.66,81.64,60.3,5.38,3.06,"1,798.95",0.289497732,"8,920.63",80.38474114,447.0325,80.87115034,449.7375
65,10/2/2014 8:36,"1,785.30",170.593,16.22,334.8,1.32,5.3,-0.53,-0.49,3.08,26.09,80.34,60.6,5.95,7.66,-1.111,0,0,0,0,0,0,0,16.222,334.8,7.66,81.73,60.5,5.34,3.02,"1,794.23",0.289852842,"8,931.57",80.2575195,446.325,80.65896444,448.5575
66,10/2/2014 8:36,"1,788.67",170.471,16.22,334.8,1.32,5.32,-0.53,-0.5,3.08,26.2,80.68,60.6,5.94,7.66,-1.11,0,0,0,0,0,0,0,16.222,334.8,7.66,81.83,60.5,5.35,3.015,"1,755.57",0.289645553,"8,925.18",80.40901664,447.1675,78.92101804,438.8925
67,10/2/2014 8:36,"1,788.90",170.676,16.22,334.8,1.32,5.3,-0.53,-0.49,3.06,26.28,80.91,60.6,5.94,7.66,-1.109,0,0,0,0,0,0,0,16.221,334.8,7.66,81.98,60.5,5.33,2.975,"1,754.36",0.289999754,"8,935.92",80.4218512,447.225,78.86906975,438.59
68,10/2/2014 8:36,"1,787.17",170.433,16.22,334.8,1.32,5.33,-0.53,-0.5,3.07,26.33,81.09,60.5,5.94,7.66,-1.109,0,0,0,0,0,0,0,16.221,334.7,7.66,82.14,60.5,5.31,2.965,"1,767.50",0.289586867,"8,923.19",80.34407726,446.7925,79.45979205,441.875
69,10/2/2014 8:36,"1,789.42",170.041,16.22,334.8,1.26,5.08,-0.51,-0.47,3.06,26.37,81.18,60.5,5.94,7.66,-1.109,0,0,0,0,0,0,0,16.222,334.6,7.66,82.14,60.5,5.32,2.98,"1,768.86",0.288914944,"8,902.67",80.44273262,447.355,79.51846521,442.215
70,10/2/2014 8:36,"1,787.84",170.362,16.221,334.8,1.27,5.1,-0.51,-0.48,3.06,26.39,81.25,60.5,5.94,7.66,-1.11,0,0,0,0,0,0,0,16.223,334.6,7.66,82.12,60.5,5.28,3.005,"1,754.79",0.289454476,"8,919.48",80.36921089,446.96,78.88350612,438.6975
71,10/2/2014 8:36,"1,792.87",170.182,16.221,334.8,1.3,5.23,-0.52,-0.49,3.05,26.41,81.33,60.5,5.94,7.66,-1.109,0,0,0,0,0,0,0,16.223,334.7,7.66,81.84,60.5,5.28,3.05,"1,755.18",0.289148646,"8,910.05",80.59532572,448.2175,78.90103789,438.795
72,10/2/2014 8:36,"1,789.68",170.724,16.221,334.8,1.33,5.37,-0.54,-0.51,3.06,26.44,81.4,60.5,5.94,7.66,-1.109,0,0,0,0,0,0,0,16.223,334.8,7.66,81.53,60.5,5.27,3.035,"1,764.54",0.290069534,"8,938.43",80.45192486,447.42,79.32180027,441.135
73,10/2/2014 8:36,"1,789.73",170.075,16.221,334.8,1.34,5.41,-0.54,-0.51,3.05,26.47,81.51,60.5,5.94,7.66,-1.109,0,0,0,0,0,0,0,16.222,334.7,7.66,81.05,60.5,5.32,3.015,"1,783.83",0.288972713,"8,904.45",80.45666856,447.4325,80.19143618,445.9575
74,10/2/2014 8:36,"1,791.21",170.493,16.221,334.7,1.35,5.45,-0.54,-0.51,3.06,26.49,81.57,60.5,5.94,7.66,-1.109,0,0,0,0,0,0,0,16.222,334.7,7.66,80.49,60.5,5.35,3.015,"1,800.62",0.289682933,"8,926.34",80.52320143,447.8025,80.94622459,450.155
75,10/2/2014 8:36,"1,794.29",170.402,16.221,334.7,1.35,5.45,-0.54,-0.51,3.05,26.55,81.74,60.5,5.94,7.66,-1.109,0,0,0,0,0,0,0,16.222,334.6,7.66,79.89,60.3,5.38,3.02,"1,795.68",0.289528316,"8,921.57",80.66166172,448.5725,80.72414867,448.92
76,10/2/2014 8:36,"1,791.90",170.726,16.222,334.7,1.35,5.42,-0.53,-0.5,3.04,26.57,81.8,60.5,5.94,7.66,-1.109,0,0,0,0,0,0,0,16.222,334.8,7.66,79.24,60.1,5.42,3.02,"1,793.10",0.290078821,"8,938.53",80.55422013,447.975,80.6081657,448.275
77,10/2/2014 8:36,"1,782.48",170.644,16.222,334.8,1.35,5.42,-0.53,-0.5,3.04,26.58,81.85,60.5,5.94,7.66,-1.109,22.44,0.31,0.64,0.31,19.3,20.1,20.2,16.222,334.8,7.66,78.68,60.1,5.46,3,"1,810.31",0.289939495,"8,934.24",80.13074742,445.62,81.38183506,452.5775
78,10/2/2014 8:36,"1,790.10",169.779,16.222,334.7,1.34,5.41,-0.53,-0.5,3.02,26.58,81.84,60.5,5.94,7.66,-1.109,0,0,0,0,0,0,0,16.222,334.7,7.66,78.13,60.2,5.47,2.96,"1,817.11",0.288469783,"8,888.95",80.47330178,447.525,81.68752661,454.2775
79,10/2/2014 8:36,"1,782.33",169.415,16.222,334.7,1.34,5.38,-0.52,-0.49,3.02,26.55,81.74,60.5,5.94,7.66,-1.109,0,0,0,0,0,0,0,16.222,334.7,7.66,77.88,60.4,5.41,2.96,"1,826.51",0.287851314,"8,869.90",80.12400422,445.5825,82.11010023,456.6275
80,10/2/2014 8:36,"1,782.26",169.539,16.222,334.7,1.34,5.39,-0.53,-0.5,3.02,26.5,81.59,60.5,5.93,7.66,-1.108,0,0,0,0,0,0,0,16.222,334.6,7.66,77.88,60.4,5.36,2.965,"1,818.76",0.288062001,"8,876.39",80.1208574,445.565,81.76170177,454.69
81,10/2/2014 8:36,"1,787.64",168.736,16.222,334.7,1.33,5.36,-0.52,-0.49,3.03,26.41,81.31,60.5,5.93,7.66,-1.108,0,0,0,0,0,0,0,16.222,334.7,7.66,78.23,60.4,5.37,2.985,"1,819.51",0.286697632,"8,834.35",80.36271336,446.91,81.79541775,454.8775
82,10/2/2014 8:36,"1,781.01",170.15,16.222,334.8,1.33,5.36,-0.53,-0.5,3.03,26.31,81.02,60.4,5.93,7.66,-1.107,0,0,0,0,0,0,0,16.222,334.7,7.66,78.74,60.4,5.39,3.015,"1,806.73",0.289100145,"8,908.38",80.0646641,445.2525,81.22089745,451.6825
83,10/2/2014 8:36,"1,782.59",169.385,16.222,334.7,1.33,5.34,-0.53,-0.49,3.02,26.18,80.61,60.4,5.93,7.66,-1.106,0,0,0,0,0,0,0,16.222,334.7,7.66,79.4,60.4,5.44,3.03,"1,780.96",0.287800341,"8,868.32",80.13569243,445.6475,80.06241636,445.24
84,10/2/2014 8:36,"1,787.36",169.442,16.222,334.7,1.32,5.33,-0.52,-0.49,3.02,26.05,80.22,60.4,5.93,7.66,-1.106,0,0,0,0,0,0,0,16.222,334.7,7.66,80.02,60.4,5.42,3.045,"1,780.30",0.287897189,"8,871.31",80.35012606,446.84,80.0327463,445.075
85,10/2/2014 8:36,"1,788.48",169.436,16.222,334.7,1.32,5.31,-0.51,-0.48,3.03,25.91,79.77,60.4,5.93,7.66,-1.105,0,0,0,0,0,0,0,16.222,334.7,7.66,80.63,60.4,5.43,3.055,"1,802.67",0.287886995,"8,870.99",80.40047526,447.12,81.03838161,450.6675
86,10/2/2014 8:36,"1,780.95",169.273,16.222,334.7,1.32,5.32,-0.52,-0.49,3.02,25.78,79.38,60.4,5.93,7.66,-1.104,0,0,0,0,0,0,0,16.222,334.7,7.66,81.27,60.4,5.41,3.07,"1,810.25",0.287610043,"8,862.46",80.06196682,445.2375,81.37913778,452.5625
87,10/2/2014 8:36,"1,787.83",169.916,16.222,334.7,1.33,5.34,-0.53,-0.49,3.02,25.69,79.11,60.4,5.93,7.66,-1.103,0,0,0,0,0,0,0,16.222,334.7,7.66,81.62,60.2,5.35,3.095,"1,789.83",0.288702558,"8,896.13",80.37125474,446.9575,80.46116402,447.4575
88,10/2/2014 8:36,"1,787.41",169.451,16.222,334.7,1.33,5.34,-0.52,-0.49,3.01,25.65,78.99,60.4,5.93,7.66,-1.103,22.39,0.31,0.64,0.31,19.3,20.1,20.2,16.222,334.7,7.66,82,60,5.28,3.08,"1,781.87",0.287912481,"8,871.78",80.35237379,446.8525,80.10332509,445.4675
89,10/2/2014 8:36,"1,786.52",169.105,16.222,334.7,1.33,5.35,-0.53,-0.5,3,25.66,79.01,60.4,5.93,7.66,-1.102,0,0,0,0,0,0,0,16.222,334.7,7.66,82.04,60,5.31,3.055,"1,786.38",0.287324596,"8,853.66",80.31236416,446.63,80.30607051,446.595
90,10/2/2014 8:36,"1,783.86",168.975,16.222,334.7,1.34,5.39,-0.54,-0.5,3,25.69,79.11,60.4,5.93,7.66,-1.101,0,0,0,0,0,0,0,16.222,334.7,7.66,82.07,60.1,5.38,3.025,"1,818.56",0.287103714,"8,846.86",80.19278482,445.965,81.75271084,454.64
91,10/2/2014 8:36,"1,783.42",168.719,16.222,334.7,1.34,5.41,-0.54,-0.51,3,25.78,79.4,60.4,5.93,7.66,-1.101,0,0,0,0,0,0,0,16.222,334.7,7.66,81.92,60.3,5.43,3.04,"1,826.99",0.286668747,"8,833.46",80.17300478,445.855,82.13167846,456.7475
92,10/2/2014 8:36,"1,782.47",168.512,16.222,334.7,1.34,5.4,-0.55,-0.52,3,25.85,79.61,60.4,5.92,7.66,-1.1,0,0,0,0,0,0,0,16.222,334.7,7.66,81.75,60.3,5.4,3.045,"1,806.44",0.286317036,"8,822.62",80.13029787,445.6175,81.2078606,451.61
93,10/2/2014 8:36,"1,783.82",168.626,16.222,334.7,1.33,5.36,-0.55,-0.52,3.01,25.99,80.03,60.4,5.92,7.66,-1.1,0,0,0,0,0,0,0,16.222,334.7,7.66,81.58,60.3,5.3,3.07,"1,781.42",0.286510732,"8,828.59",80.19098664,445.955,80.0830955,445.355
94,10/2/2014 8:36,"1,779.82",168.131,16.222,334.7,1.34,5.39,-0.55,-0.51,3.01,26.09,80.35,60.3,5.92,7.66,-1.099,0,0,0,0,0,0,0,16.222,334.7,7.66,81.52,60.3,5.27,3.085,"1,778.44",0.285669682,"8,802.67",80.01116807,444.955,79.94913067,444.61
95,10/2/2014 8:36,"1,779.15",168.257,16.222,334.7,1.34,5.39,-0.55,-0.51,3.02,26.2,80.67,60.3,5.92,7.66,-1.099,0,0,0,0,0,0,0,16.222,334.7,7.66,81.65,60.3,5.32,3.085,"1,793.71",0.285883768,"8,809.27",79.98104846,444.7875,80.63558803,448.4275
96,10/2/2014 8:36,"1,779.98",167.799,16.222,334.7,1.34,5.4,-0.54,-0.51,3.02,26.29,80.94,60.3,5.92,7.66,-1.099,0,0,0,0,0,0,0,16.222,334.7,7.66,81.75,60.3,5.33,3.065,"1,807.56",0.285105585,"8,785.29",80.01836082,444.995,81.2582098,451.89
97,10/2/2014 8:36,"1,779.84",167.672,16.222,334.7,1.34,5.4,-0.55,-0.52,3.04,26.35,81.13,60.3,5.92,7.66,-1.098,0,0,0,0,0,0,0,16.222,334.7,7.66,82.08,60.3,5.37,3.045,"1,797.45",0.2848898,"8,778.64",80.01206717,444.96,80.80371838,449.3625
98,10/2/2014 8:36,"1,780.30",167.915,16.222,334.7,1.34,5.41,-0.55,-0.52,3.04,26.4,81.29,60.3,5.92,7.66,-1.098,0,0,0,0,0,0,0,16.222,334.7,7.66,82.04,60.3,5.38,3.05,"1,802.55",0.285302679,"8,791.36",80.0327463,445.075,81.03298705,450.6375
99,10/2/2014 8:36,"1,783.99",168.136,16.222,334.7,1.34,5.41,-0.55,-0.52,3.04,26.4,81.3,60.3,5.92,7.66,-1.097,0,0,0,0,0,0,0,16.222,334.7,7.66,82.21,60.3,5.42,3.08,"1,807.63",0.285678178,"8,802.93",80.19862892,445.9975,81.26135662,451.9075
100,10/2/2014 8:36,"1,779.79",168.028,16.222,334.7,1.34,5.4,-0.55,-0.51,3.03,26.43,81.39,60.3,5.92,7.66,-1.097,0,0,0,0,0,0,0,16.222,334.7,7.66,81.92,60.3,5.4,3.08,"1,778.46",0.285494676,"8,797.28",80.00981943,444.9475,79.95002976,444.615
101,10/2/2014 8:36,"1,783.55",167.727,16.222,334.7,1.33,5.35,-0.54,-0.51,3.04,26.41,81.32,60.3,5.92,7.66,-1.096,22.37,0.31,0.64,0.31,19.4,20.1,20.2,16.222,334.7,7.66,81.7,60.3,5.36,3.06,"1,794.48",0.28498325,"8,781.52",80.17884888,445.8875,80.6702031,448.62
102,10/2/2014 8:36,"1,787.32",168.278,16.222,334.7,1.33,5.34,-0.53,-0.5,3.04,26.46,81.49,60.3,5.92,7.66,-1.096,0,0,0,0,0,0,0,16.222,334.7,7.66,81.27,60.3,5.34,3.03,"1,802.88",0.285919449,"8,810.37",80.34832788,446.83,81.04782208,450.72
103,10/2/2014 8:36,"1,785.79",168.099,16.222,334.7,1.34,5.38,-0.54,-0.5,3.04,26.45,81.46,60.3,5.92,7.66,-1.095,0,0,0,0,0,0,0,16.222,334.7,7.66,80.69,60.3,5.36,3.015,"1,821.32",0.285615312,"8,800.99",80.27954728,446.4475,81.87678565,455.33
104,10/2/2014 8:36,"1,788.29",168.131,16.222,334.7,1.34,5.4,-0.54,-0.51,3.05,26.53,81.68,60.3,5.92,7.66,-1.095,0,0,0,0,0,0,0,16.222,334.8,7.66,80.2,60.3,5.43,3.02,"1,821.63",0.285669682,"8,802.67",80.39193388,447.0725,81.89072159,455.4075
105,10/2/2014 8:36,"1,790.44",168.112,16.222,334.7,1.34,5.38,-0.54,-0.5,3.06,26.54,81.72,60.3,5.92,7.66,-1.095,0,0,0,0,0,0,0,16.222,334.9,7.66,79.47,60.3,5.4,3.05,"1,812.94",0.2856374,"8,801.68",80.48858635,447.61,81.50006576,453.235
106,10/2/2014 8:36,"1,791.10",168.537,16.222,334.7,1.33,5.36,-0.53,-0.5,3.05,26.57,81.81,60.3,5.92,7.66,-1.095,0,0,0,0,0,0,0,16.221,334.9,7.66,78.93,60.3,5.35,3.07,"1,819.04",0.286365327,"8,823.93",80.52075448,447.775,81.7768261,454.76
107,10/2/2014 8:36,"1,787.59",168.531,16.222,334.7,1.32,5.32,-0.53,-0.5,3.05,26.59,81.86,60.3,5.92,7.66,-1.094,0,0,0,0,0,0,0,16.22,334.9,7.66,78.26,60.3,5.3,3.095,"1,820.10",0.286360946,"8,823.61",80.36545208,446.8975,81.82701812,455.025
108,10/2/2014 8:36,"1,788.77",168.355,16.222,334.7,1.33,5.35,-0.52,-0.49,3.05,26.55,81.74,60.3,5.92,7.66,-1.094,0,0,0,0,0,0,0,16.22,334.8,7.66,77.84,60.3,5.29,3.08,"1,824.82",0.286061894,"8,814.40",80.41850184,447.1925,82.03921719,456.205
109,10/2/2014 8:36,"1,790.07",168.318,16.222,334.7,1.33,5.35,-0.52,-0.49,3.06,26.53,81.68,60.3,5.92,7.66,-1.094,0,0,0,0,0,0,0,16.22,334.8,7.66,77.68,60.3,5.29,3.09,"1,810.91",0.285999025,"8,812.46",80.4769465,447.5175,81.41385934,452.7275
110,10/2/2014 8:36,"1,792.39",168.68,16.222,334.8,1.33,5.34,-0.52,-0.49,3.06,26.44,81.4,60.3,5.92,7.66,-1.094,0,0,0,0,0,0,0,16.221,334.8,7.66,77.69,60.3,5.28,3.09,"1,808.43",0.286608301,"8,831.41",80.57874776,448.0975,81.29984257,452.1075
111,10/2/2014 8:36,"1,789.34",168.765,16.222,334.8,1.33,5.35,-0.52,-0.48,3.06,26.36,81.15,60.3,5.92,7.66,-1.094,0,0,0,0,0,0,0,16.22,334.8,7.66,78.13,60.3,5.24,3.09,"1,816.41",0.286758549,"8,835.86",80.44412758,447.335,81.66112521,454.1025
112,10/2/2014 8:36,"1,789.44",168.21,16.222,334.8,1.34,5.38,-0.52,-0.49,3.05,26.24,80.79,60.3,5.92,7.66,-1.093,22.46,0.31,0.64,0.31,19.4,20.1,20.3,16.219,334.7,7.66,78.59,60.3,5.25,3.085,"1,815.10",0.285821318,"8,806.81",80.4511193,447.36,81.60476274,453.775
113,10/2/2014 8:36,"1,790.39",168.272,16.221,334.8,1.34,5.39,-0.52,-0.49,3.05,26.1,80.36,60.3,5.92,7.66,-1.093,0,0,0,0,0,0,0,16.219,334.6,7.66,79.35,60.3,5.25,3.055,"1,822.12",0.285926668,"8,810.05",80.49383018,447.5975,81.92037369,455.53
114,10/2/2014 8:36,"1,790.60",168.56,16.221,334.8,1.33,5.35,-0.53,-0.49,3.04,25.97,79.97,60.3,5.92,7.66,-1.093,0,0,0,0,0,0,0,16.219,334.7,7.66,79.89,60.3,5.31,3.04,"1,810.11",0.286416036,"8,825.13",80.50327154,447.65,81.38041821,452.5275
115,10/2/2014 8:36,"1,795.46",168.79,16.221,334.8,1.33,5.36,-0.53,-0.5,3.05,25.8,79.44,60.3,5.92,7.66,-1.093,0,0,0,0,0,0,0,16.219,334.8,7.66,80.57,60.3,5.34,3.07,"1,827.60",0.286806851,"8,837.17",80.72177142,448.865,82.16674805,456.9
116,10/2/2014 8:36,"1,793.52",168.645,16.221,334.8,1.33,5.36,-0.53,-0.5,3.05,25.72,79.19,60.3,5.92,7.66,-1.093,0,0,0,0,0,0,0,16.218,334.9,7.66,80.9,60.3,5.42,3.105,"1,828.50",0.286566285,"8,829.58",80.63705309,448.38,82.20976157,457.125
